{"cameraMode":{"drawMode":0,"name":"Shaded","section":"Shading Mode"},"sceneLighting":false,"audioPlay":false,"sceneViewState":{"showFog":true,"showMaterialUpdate":false,"showSkybox":false,"showFlares":true,"showImageEffects":true,"showParticleSystems":true},"in2DMode":false,"pivot":{"x":0.6642885208129883,"y":-0.682405948638916,"z":0.03498697280883789},"rotation":{"x":-0.13537602126598359,"y":0.8608946800231934,"z":-0.30096009373664858,"w":-0.3872421383857727},"size":1874.9505615234375,"orthographic":false}